{"cameraMode":{"drawMode":0,"name":"Shaded","section":"Shading Mode"},"sceneLighting":true,"audioPlay":false,"sceneViewState":{"m_AlwaysRefresh":false,"showFog":true,"showSkybox":true,"showFlares":true,"showImageEffects":true,"showParticleSystems":true,"showVisualEffectGraphs":true,"m_FxEnabled":true},"in2DMode":false,"pivot":{"x":3.915147066116333,"y":14.855311393737793,"z":-16.225473403930665},"rotation":{"x":-0.012307281605899334,"y":-0.02040012739598751,"z":0.0002415700873825699,"w":-0.9997327923774719},"size":1.9695582389831544,"orthographic":false}